{"cameraMode":{"drawMode":0,"name":"Shaded","section":"Shading Mode"},"sceneLighting":true,"audioPlay":false,"sceneViewState":{"showFog":true,"showMaterialUpdate":false,"showSkybox":true,"showFlares":true,"showImageEffects":true,"showParticleSystems":true},"in2DMode":false,"pivot":{"x":6.026592254638672,"y":-9.097539901733399,"z":39.187835693359378},"rotation":{"x":0.011175936087965966,"y":0.9846330285072327,"z":0.06863100081682205,"w":-0.16032971441745759},"size":41.794647216796878,"orthographic":false}