{"cameraMode":{"drawMode":0,"name":"Shaded","section":"Shading Mode"},"sceneLighting":true,"audioPlay":false,"sceneViewState":{"showFog":true,"showMaterialUpdate":false,"showSkybox":true,"showFlares":true,"showImageEffects":true,"showParticleSystems":true},"in2DMode":false,"pivot":{"x":-5.176453113555908,"y":4.325113773345947,"z":-2.988154649734497},"rotation":{"x":-0.15279404819011689,"y":-0.6921722888946533,"z":0.15361905097961427,"w":-0.6884518265724182},"size":3.7017784118652345,"orthographic":false}