{"cameraMode":{"drawMode":0,"name":"Shaded","section":"Shading Mode"},"sceneLighting":true,"audioPlay":false,"sceneViewState":{"showFog":true,"showMaterialUpdate":false,"showSkybox":true,"showFlares":true,"showImageEffects":true,"showParticleSystems":true},"in2DMode":false,"pivot":{"x":1.8600000143051148,"y":6.199999809265137,"z":-2.8399999141693117},"rotation":{"x":-0.03570689633488655,"y":-0.1255856305360794,"z":-0.004523056093603373,"w":0.9914300441741943},"size":2.9660251140594484,"orthographic":false}